Metric,Score
Accuracy,0.6168348674725519
Precision,0.709375
Recall,0.5961358094166198
F1-Score,0.6478442564468454
AUC-ROC,0.6633999855267662
